,Model_Name,Exp,Dropna_Thres%,Drop_Dupe,Only_Residential,n_Num,n_Cat,Cat_Encode,Test_P%,Scale,Cross_Val,N_Shuffle,Train_RMSE_mean,Train_RMSE_std,Test_RMSE_mean,Test_RMSE_std
1,Linear Regression,1,95,Yes,Yes,16,0,,5,Yes,Yes,20.0,125523.4521565187,327.3652008705604,126340.61670804764,6006.112891723336
2,Linear Regression,2,95,Yes,Yes,22,0,,5,Yes,Yes,20.0,118512.07323565477,257.8562670483997,117075.23765660636,5022.321916039896
3,Linear Regression,3,95,Yes,Yes,22,1,CountVectorizer,5,Yes,Yes,20.0,116516.34941104308,298.86635276296863,118904.88711497316,5792.504617131321
4,Linear Regression,4,95,Yes,Yes,22,16,CountVectorizer and pd.get_dummies,5,Yes,Yes,20.0,112421.72489860487,400.89653062631317,61413714860903.42,127681823310961.02
5,RandomForestRegressor,5,95,Yes,Yes,22,16,CountVectorizer and pd.get_dummies,5,Yes,Yes,5.0,107570.07506881483,358.6570198686309,113712.92305712584,8294.585498851799
6,RandomForestRegressor,6,95,Yes,Yes,22,0,,5,Yes,Yes,5.0,108380.94208762313,374.02494370458106,105539.24374182468,5980.744084065535
7,GradientBoostingRegressor,7,95,Yes,Yes,22,0,,5,Yes,Yes,5.0,69092.31936022826,185.68234643819605,74512.36819536902,7538.160856407729
8,Neural Network,8,95,Yes,Yes,22,0,,5,Yes,Yes,,84213.9526671584,,74778.22647289406,
